{
    "radii": [
        10,
        20,
        30,
        40,
        50,
        60,
        70,
        80,
        90,
        100
    ],
    "lambda_1_0": [
        0.8402666780352592,
        0.8118666798621416,
        0.747066679596901,
        0.6296000112593174,
        0.5316000130586326,
        0.4461333452910185,
        0.3624000080116093,
        0.34240000737830995,
        0.27546667320653795,
        0.31586667653173206
    ],
    "lambda_0_8": [
        0.8456000071763993,
        0.8705333442986012,
        0.8080000114068389,
        0.8069333437085152,
        0.7658666802197694,
        0.7097333428636193,
        0.6873333422467113,
        0.6106666806899012,
        0.6176000087149441,
        0.6101333435624838
    ],
    "lambda_0_6": [
        0.8932000115513802,
        0.8418666741251946,
        0.8318666774779558,
        0.7869333408027888,
        0.8372000073641539,
        0.7353333403542638,
        0.7346666738763452,
        0.7729333383776248,
        0.7109333376586437,
        0.70680000834167
    ]
}