{
    "radii": [
        2,
        4,
        6,
        8,
        10,
        12,
        14,
        16
    ],
    "lime": [
        1.0,
        0.8134581446647644,
        0.7487521767616272,
        0.7102495431900024,
        0.6849019527435303,
        0.6648614406585693,
        0.6463603973388672,
        0.6339890956878662,
        0.6222589612007141,
        0.6107354164123535,
        0.6026189923286438,
        0.5973415970802307,
        0.5907012224197388,
        0.5842623114585876,
        0.5825517177581787,
        0.5718573331832886,
        0.5738974809646606,
        0.5701185464859009,
        0.5588555932044983,
        0.5597575902938843,
        0.5539622902870178,
        0.565811038017273,
        0.5683799386024475,
        0.5596491694450378,
        0.5347488522529602,
        0.5516666769981384,
        0.5592655539512634,
        0.5615730285644531,
        0.562666654586792,
        0.5946428179740906,
        0.6099187135696411,
        0.5764815211296082,
        0.5290476083755493,
        0.5327273011207581,
        0.6270588040351868,
        0.620952308177948,
        0.6527777314186096,
        0.7183333039283752,
        0.6966667175292969,
        0.7033333778381348,
        0.6977777481079102,
        0.5516666769981384,
        0.7177777290344238,
        0.996666669845581,
        0.996666669845581,
        0.9933333396911621,
        0.996666669845581,
        0.9933333396911621,
        1.0,
        1.0,
        1.0,
        1.0,
        1.0,
        1.0,
        1.0,
        1.0,
        1.0
    ],
    "shap": [
        1.0,
        0.8031729459762573,
        0.7295544743537903,
        0.6882710456848145,
        0.6561675667762756,
        0.6322430968284607,
        0.6146666407585144,
        0.6027868986129761,
        0.5902663469314575,
        0.5805540084838867,
        0.573888897895813,
        0.5640695691108704,
        0.5546278953552246,
        0.5539453029632568,
        0.5525287389755249,
        0.5489299297332764,
        0.5438974499702454,
        0.5437945127487183,
        0.5484406352043152,
        0.5497272610664368,
        0.5384276509284973,
        0.5378609895706177,
        0.5499069094657898,
        0.542144238948822,
        0.5179451704025269,
        0.5349999666213989,
        0.5345197916030884,
        0.5344569087028503,
        0.5374221801757812,
        0.5647619366645813,
        0.5538212060928345,
        0.5187036991119385,
        0.5383333563804626,
        0.5042424201965332,
        0.525882363319397,
        0.5123809576034546,
        0.5099999904632568,
        0.6274999976158142,
        0.6733333468437195,
        0.6555555462837219,
        0.6633333563804626,
        0.503333330154419,
        0.6666666865348816,
        0.9566667079925537,
        0.9766666889190674,
        0.9700000286102295,
        0.9900000095367432,
        0.9633333683013916,
        1.0,
        1.0,
        1.0,
        1.0,
        1.0,
        1.0,
        1.0,
        1.0,
        1.0
    ],
    "intgrad": [
        1.0,
        0.7833511233329773,
        0.7221212387084961,
        0.6769697070121765,
        0.6471301317214966,
        0.6228418350219727,
        0.6080179810523987,
        0.5867759585380554,
        0.5731313228607178,
        0.5612034201622009,
        0.5541468262672424,
        0.5382004380226135,
        0.527702271938324,
        0.5269289612770081,
        0.5175862312316895,
        0.5087577104568481,
        0.5025641322135925,
        0.5021344423294067,
        0.4941631257534027,
        0.48906058073043823,
        0.4801886975765228,
        0.4809981882572174,
        0.47903162240982056,
        0.4818713665008545,
        0.4884018003940582,
        0.5009090304374695,
        0.4967231750488281,
        0.5217228531837463,
        0.5052444934844971,
        0.472738116979599,
        0.46910566091537476,
        0.43962961435317993,
        0.4414285719394684,
        0.42121216654777527,
        0.46117645502090454,
        0.5166667103767395,
        0.49888888001441956,
        0.746666669845581,
        0.7166666984558105,
        0.7322222590446472,
        0.7300000190734863,
        0.5866667032241821,
        0.6933333277702332,
        1.0,
        1.0,
        1.0,
        1.0,
        1.0,
        1.0,
        1.0,
        1.0,
        1.0,
        1.0,
        1.0,
        1.0,
        1.0,
        1.0
    ],
    "mfaba": [
        1.0,
        0.7926381230354309,
        0.723065972328186,
        0.6843493580818176,
        0.6572192311286926,
        0.6339767575263977,
        0.617297351360321,
        0.6034790277481079,
        0.5811753869056702,
        0.5777651071548462,
        0.5658928751945496,
        0.5551738142967224,
        0.5451995730400085,
        0.5401530265808105,
        0.5369884371757507,
        0.5255351066589355,
        0.5211794972419739,
        0.5200000405311584,
        0.517997145652771,
        0.51218181848526,
        0.5133019089698792,
        0.5129411816596985,
        0.5190688967704773,
        0.5137231945991516,
        0.5004109144210815,
        0.5250505208969116,
        0.5216383934020996,
        0.5381273031234741,
        0.539377748966217,
        0.5485714673995972,
        0.5813007950782776,
        0.5690740346908569,
        0.5476190447807312,
        0.5439393520355225,
        0.6094117760658264,
        0.6914286017417908,
        0.7177777290344238,
        0.8383333683013916,
        0.8388888835906982,
        0.8388888835906982,
        0.8388888835906982,
        0.7599999904632568,
        0.6822221875190735,
        0.996666669845581,
        1.0,
        0.996666669845581,
        1.0,
        1.0,
        1.0,
        1.0,
        1.0,
        1.0,
        1.0,
        1.0,
        1.0,
        1.0,
        1.0
    ],
    "random": [
        1.0,
        0.7924956679344177,
        0.7135650515556335,
        0.6658823490142822,
        0.6267914772033691,
        0.6029312014579773,
        0.5810630321502686,
        0.5616939663887024,
        0.5481175780296326,
        0.5371347069740295,
        0.523809552192688,
        0.513476550579071,
        0.49926644563674927,
        0.49372678995132446,
        0.4851034879684448,
        0.48565807938575745,
        0.47656407952308655,
        0.47399207949638367,
        0.4755936861038208,
        0.4848181903362274,
        0.4829244911670685,
        0.48516935110092163,
        0.4904283583164215,
        0.476023405790329,
        0.4590868055820465,
        0.4672222137451172,
        0.46841806173324585,
        0.5116105079650879,
        0.5335111618041992,
        0.5464285612106323,
        0.49934959411621094,
        0.4577777683734894,
        0.4392857253551483,
        0.43242424726486206,
        0.4686274230480194,
        0.5033333897590637,
        0.496111124753952,
        0.6675000190734863,
        0.7122222781181335,
        0.7300000190734863,
        0.7311111092567444,
        0.5900000333786011,
        0.42888888716697693,
        0.6166666746139526,
        0.59333336353302,
        0.6166666746139526,
        0.59333336353302,
        0.6000000238418579,
        1.0,
        1.0,
        1.0,
        1.0,
        1.0,
        1.0,
        1.0,
        1.0,
        1.0
    ]
}