{
    "radii": [
        1,
        10,
        20,
        30,
        40,
        50,
        60,
        70,
        80,
        90,
        100,
        110,
        120,
        130,
        140,
        147
    ],
    "lime": [
        0.885360062122345,
        0.6414133310317993,
        0.5471866726875305,
        0.49245333671569824,
        0.4541932940483093,
        0.42833998799324036,
        0.41020667552948,
        0.396366685628891,
        0.39108002185821533,
        0.3883399963378906,
        0.38907331228256226,
        0.38964664936065674,
        0.388313353061676,
        0.3883533179759979,
        0.3893066644668579,
        0.3893600106239319
    ],
    "shap": [
        0.883953332901001,
        0.6419333219528198,
        0.543013334274292,
        0.4897066652774811,
        0.45473334193229675,
        0.4315199851989746,
        0.41540005803108215,
        0.40222665667533875,
        0.3919000029563904,
        0.39146000146865845,
        0.3923400342464447,
        0.3918866813182831,
        0.39276665449142456,
        0.39195334911346436,
        0.3907466530799866,
        0.39192667603492737
    ],
    "intgrad": [
        0.8236867189407349,
        0.47296667098999023,
        0.33863335847854614,
        0.2667933404445648,
        0.22118668258190155,
        0.1941000074148178,
        0.17248666286468506,
        0.15792666375637054,
        0.15119333565235138,
        0.1488800048828125,
        0.1492999941110611,
        0.1483466476202011,
        0.14954666793346405,
        0.14944665133953094,
        0.14951999485492706,
        0.14966000616550446
    ],
    "mfaba": [
        0.840606689453125,
        0.517633318901062,
        0.39146003127098083,
        0.32215332984924316,
        0.2784600257873535,
        0.2472199946641922,
        0.22659331560134888,
        0.21210666000843048,
        0.2056933492422104,
        0.20370666682720184,
        0.20270000398159027,
        0.20284001529216766,
        0.20273998379707336,
        0.20224665105342865,
        0.20216667652130127,
        0.20272666215896606
    ],
    "random": [
        0.8156800270080566,
        0.46285998821258545,
        0.3284066915512085,
        0.25227999687194824,
        0.2063400000333786,
        0.17731332778930664,
        0.15604667365550995,
        0.1431666612625122,
        0.1345733404159546,
        0.13242000341415405,
        0.1336199939250946,
        0.13349999487400055,
        0.1335066705942154,
        0.13344666361808777,
        0.13384667038917542,
        0.1336066573858261
    ]
}